locus,concept,concept_type,ambiguity_level,query_condition,query_template_id,query,catholic_score,secular_score,catholic_alignment_score,top_descriptor,top_descriptor_group,top_descriptor_similarity,top_is_catholic,nearest_catholic_descriptor,nearest_catholic_similarity,nearest_catholic_rank,nearest_secular_descriptor,nearest_secular_similarity,nearest_secular_rank
Life and Death / Created Life,life,anthropological_metaphysical,high,bare,bare_1,life,0.3208763599395752,0.38114999532699584,-0.06027363538742064,personal existence,secular,0.45773857831954956,0,creaturely life sustained by God,0.39614900946617126,3,personal existence,0.45773857831954956,1
Life and Death / Created Life,life,anthropological_metaphysical,high,ordinary,ordinary_1,The everyday meaning of life.,0.2806911438703537,0.2741450995206833,0.006546044349670432,personal existence,secular,0.40864133834838867,0,sacredness of life,0.32771167159080505,3,personal existence,0.40864133834838867,1
Life and Death / Created Life,life,anthropological_metaphysical,high,ordinary,ordinary_2,How people experience life.,0.2410326272249222,0.329307895898819,-0.08827526867389679,individual experience,secular,0.5733492970466614,0,life ordered toward communion with God,0.2744922339916229,3,individual experience,0.5733492970466614,1
Life and Death / Created Life,life,anthropological_metaphysical,high,ordinary,ordinary_3,How people talk about life in ordinary life.,0.21552988290786743,0.2483312964439392,-0.03280141353607177,personal existence,secular,0.3353859782218933,0,creaturely life sustained by God,0.26136812567710876,3,personal existence,0.3353859782218933,1
Life and Death / Created Life,life,anthropological_metaphysical,high,academic,academic_1,The concept of life.,0.30858300626277924,0.3351306915283203,-0.026547685265541077,sacredness of life,catholic,0.41825494170188904,1,sacredness of life,0.41825494170188904,1,personal existence,0.40217354893684387,2
Life and Death / Created Life,life,anthropological_metaphysical,high,academic,academic_2,The meaning of life.,0.2896962374448776,0.22426512837409973,0.06543110907077787,sacredness of life,catholic,0.35721126198768616,1,sacredness of life,0.35721126198768616,1,personal existence,0.32588231563568115,3
Life and Death / Created Life,life,anthropological_metaphysical,high,academic,academic_3,A discussion of life in human life.,0.3064219385385513,0.3126738011837006,-0.006251862645149264,personal existence,secular,0.38028794527053833,0,sacredness of life,0.3774940073490143,2,personal existence,0.38028794527053833,1
Life and Death / Created Life,life,anthropological_metaphysical,high,catholic,catholic_1,Life in Catholic theology.,0.4081177771091461,0.25659299492835996,0.15152478218078613,life ordered toward communion with God,catholic,0.5208523273468018,1,life ordered toward communion with God,0.5208523273468018,1,personal existence,0.4059424102306366,4
Life and Death / Created Life,life,anthropological_metaphysical,high,catholic,catholic_2,Catholic teaching on life.,0.34338251054286956,0.19177675545215606,0.1516057550907135,sacredness of life,catholic,0.48246657848358154,1,sacredness of life,0.48246657848358154,1,personal existence,0.2629314661026001,5
Life and Death / Created Life,life,anthropological_metaphysical,high,catholic,catholic_3,The meaning of life in Christian doctrine.,0.3893983483314514,0.20807327926158906,0.18132506906986237,life ordered toward communion with God,catholic,0.45772209763526917,1,life ordered toward communion with God,0.45772209763526917,1,personal existence,0.36516809463500977,4
Life and Death / Created Life,human life,anthropological_bioethical,high,bare,bare_1,human life,0.5480761110782624,0.5657740890979767,-0.01769797801971429,human lifespan,secular,0.698901891708374,0,inviolable human life,0.6292335987091064,2,human lifespan,0.698901891708374,1
Life and Death / Created Life,human life,anthropological_bioethical,high,ordinary,ordinary_1,The everyday meaning of human life.,0.367022705078125,0.3528970867395401,0.014125618338584889,biological human existence,secular,0.47099044919013977,0,sacred human existence,0.4591195285320282,2,biological human existence,0.47099044919013977,1
Life and Death / Created Life,human life,anthropological_bioethical,high,ordinary,ordinary_2,How people experience human life.,0.35065980553627013,0.3879671275615692,-0.03730732202529907,biological human existence,secular,0.5187031626701355,0,sacred human existence,0.46639955043792725,2,biological human existence,0.5187031626701355,1
Life and Death / Created Life,human life,anthropological_bioethical,high,ordinary,ordinary_3,How people talk about human life in ordinary life.,0.37657617330551146,0.3390900999307632,0.03748607337474824,personal life with intrinsic dignity,catholic,0.42290860414505005,1,personal life with intrinsic dignity,0.42290860414505005,1,biological human existence,0.42060214281082153,2
Life and Death / Created Life,human life,anthropological_bioethical,high,academic,academic_1,The concept of human life.,0.46641222238540647,0.422822105884552,0.04359011650085448,biological human existence,secular,0.5588825345039368,0,sacred human existence,0.5324916839599609,2,biological human existence,0.5588825345039368,1
Life and Death / Created Life,human life,anthropological_bioethical,high,academic,academic_2,The meaning of human life.,0.39218547344207766,0.3452874332666397,0.04689804017543797,sacred human existence,catholic,0.4921029508113861,1,sacred human existence,0.4921029508113861,1,biological human existence,0.47832193970680237,2
Life and Death / Created Life,human life,anthropological_bioethical,high,academic,academic_3,A discussion of human life in human life.,0.4119436502456665,0.39618493914604186,0.015758711099624623,biological human existence,secular,0.5138913989067078,0,sacred human existence,0.4584141671657562,2,biological human existence,0.5138913989067078,1
Life and Death / Created Life,human life,anthropological_bioethical,high,catholic,catholic_1,Human life in Catholic theology.,0.48626089096069336,0.3366562366485596,0.14960465431213377,sacred human existence,catholic,0.5159493684768677,1,sacred human existence,0.5159493684768677,1,biological human existence,0.43740108609199524,6
Life and Death / Created Life,human life,anthropological_bioethical,high,catholic,catholic_2,Catholic teaching on human life.,0.4443629801273346,0.2719130039215088,0.1724499762058258,inviolable human life,catholic,0.5765634775161743,1,inviolable human life,0.5765634775161743,1,biological human existence,0.3824867010116577,5
Life and Death / Created Life,human life,anthropological_bioethical,high,catholic,catholic_3,The meaning of human life in Christian doctrine.,0.40647936463356016,0.28097955882549286,0.1254998058080673,sacred human existence,catholic,0.4590691924095154,1,sacred human existence,0.4590691924095154,1,biological human existence,0.3978561460971832,3
Life and Death / Created Life,biological life,anthropological_natural,high,bare,bare_1,biological life,0.45439066290855407,0.5498721957206726,-0.09548153281211852,biological survival,secular,0.7557464838027954,0,created bodily life,0.6107141971588135,3,biological survival,0.7557464838027954,1
Life and Death / Created Life,biological life,anthropological_natural,high,ordinary,ordinary_1,The everyday meaning of biological life.,0.34435329437255857,0.3971513152122498,-0.052798020839691207,biological survival,secular,0.5571302771568298,0,created bodily life,0.407903254032135,3,biological survival,0.5571302771568298,1
Life and Death / Created Life,biological life,anthropological_natural,high,ordinary,ordinary_2,How people experience biological life.,0.3582895934581757,0.39408530592918395,-0.03579571247100827,biological survival,secular,0.5372796058654785,0,created bodily life,0.43034425377845764,3,biological survival,0.5372796058654785,1
Life and Death / Created Life,biological life,anthropological_natural,high,ordinary,ordinary_3,How people talk about biological life in ordinary life.,0.32717137336730956,0.35201411247253417,-0.02484273910522461,biological survival,secular,0.4677920937538147,0,created bodily life,0.3951837718486786,3,biological survival,0.4677920937538147,1
Life and Death / Created Life,biological life,anthropological_natural,high,academic,academic_1,The concept of biological life.,0.3624117851257324,0.42676839232444763,-0.06435660719871522,biological survival,secular,0.5920119881629944,0,created bodily life,0.5116251707077026,3,biological survival,0.5920119881629944,1
Life and Death / Created Life,biological life,anthropological_natural,high,academic,academic_2,The meaning of biological life.,0.34181050062179563,0.39181438088417053,-0.0500038802623749,biological survival,secular,0.5860916972160339,0,created bodily life,0.4567652642726898,3,biological survival,0.5860916972160339,1
Life and Death / Created Life,biological life,anthropological_natural,high,academic,academic_3,A discussion of biological life in human life.,0.36343926191329956,0.3784355342388153,-0.014996272325515758,biological survival,secular,0.5297544002532959,0,created bodily life,0.4634384512901306,2,biological survival,0.5297544002532959,1
Life and Death / Created Life,biological life,anthropological_natural,high,catholic,catholic_1,Biological life in Catholic theology.,0.45453304052352905,0.3424150586128235,0.11211798191070554,created bodily life,catholic,0.5445630550384521,1,created bodily life,0.5445630550384521,1,biological survival,0.4559512436389923,3
Life and Death / Created Life,biological life,anthropological_natural,high,catholic,catholic_2,Catholic teaching on biological life.,0.35517088770866395,0.2667128413915634,0.08845804631710052,created bodily life,catholic,0.4359659254550934,1,created bodily life,0.4359659254550934,1,biological survival,0.3973710238933563,3
Life and Death / Created Life,biological life,anthropological_natural,high,catholic,catholic_3,The meaning of biological life in Christian doctrine.,0.4284022808074951,0.3150091737508774,0.1133931070566177,created bodily life,catholic,0.5049373507499695,1,created bodily life,0.5049373507499695,1,biological survival,0.43826183676719666,3
Life and Death / Created Life,sacredness of life,bioethical_doctrinal,medium,bare,bare_1,sacredness of life,0.5937792181968689,0.49627432227134705,0.0975048959255218,sanctity of every human person,catholic,0.6958892345428467,1,sanctity of every human person,0.6958892345428467,1,cultural reverence for life,0.6896788477897644,2
Life and Death / Created Life,sacredness of life,bioethical_doctrinal,medium,ordinary,ordinary_1,The everyday meaning of sacredness of life.,0.46159558892250063,0.3915970861911774,0.06999850273132324,sanctity of every human person,catholic,0.5633847713470459,1,sanctity of every human person,0.5633847713470459,1,cultural reverence for life,0.535143256187439,2
Life and Death / Created Life,sacredness of life,bioethical_doctrinal,medium,ordinary,ordinary_2,How people experience sacredness of life.,0.39900227785110476,0.3362253844738007,0.06277689337730408,cultural reverence for life,secular,0.5483162999153137,0,sanctity of every human person,0.4832208752632141,2,cultural reverence for life,0.5483162999153137,1
Life and Death / Created Life,sacredness of life,bioethical_doctrinal,medium,ordinary,ordinary_3,How people talk about sacredness of life in ordinary life.,0.4397905349731445,0.3900039345026016,0.0497866004705429,cultural reverence for life,secular,0.5680985450744629,0,sanctity of every human person,0.5186341404914856,2,cultural reverence for life,0.5680985450744629,1
Life and Death / Created Life,sacredness of life,bioethical_doctrinal,medium,academic,academic_1,The concept of sacredness of life.,0.5281743764877319,0.449807345867157,0.07836703062057493,sanctity of every human person,catholic,0.6201919913291931,1,sanctity of every human person,0.6201919913291931,1,cultural reverence for life,0.6107726097106934,2
Life and Death / Created Life,sacredness of life,bioethical_doctrinal,medium,academic,academic_2,The meaning of sacredness of life.,0.48511085510253904,0.3982084184885025,0.08690243661403652,cultural reverence for life,secular,0.5669974684715271,0,sanctity of every human person,0.5624373555183411,2,cultural reverence for life,0.5669974684715271,1
Life and Death / Created Life,sacredness of life,bioethical_doctrinal,medium,academic,academic_3,A discussion of sacredness of life in human life.,0.5200669825077057,0.4136867493391037,0.10638023316860196,sanctity of every human person,catholic,0.6066237688064575,1,sanctity of every human person,0.6066237688064575,1,cultural reverence for life,0.5648327469825745,3
Life and Death / Created Life,sacredness of life,bioethical_doctrinal,medium,catholic,catholic_1,Sacredness of life in Catholic theology.,0.5204316973686218,0.39222454726696016,0.12820715010166167,sanctity of every human person,catholic,0.6328967213630676,1,sanctity of every human person,0.6328967213630676,1,cultural reverence for life,0.5361159443855286,3
Life and Death / Created Life,sacredness of life,bioethical_doctrinal,medium,catholic,catholic_2,Catholic teaching on sacredness of life.,0.5112392663955688,0.37357856035232545,0.13766070604324337,sanctity of every human person,catholic,0.600460946559906,1,sanctity of every human person,0.600460946559906,1,ethical respect for life,0.5132452249526978,4
Life and Death / Created Life,sacredness of life,bioethical_doctrinal,medium,catholic,catholic_3,The meaning of sacredness of life in Christian doctrine.,0.479519248008728,0.36944218873977663,0.1100770592689514,sanctity of every human person,catholic,0.5595073103904724,1,sanctity of every human person,0.5595073103904724,1,ethical respect for life,0.4832223653793335,3
Life and Death / Created Life,breath of life,biblical_anthropological,medium,bare,bare_1,breath of life,0.4839548349380493,0.4567051649093628,0.0272496700286865,life breathed by God,catholic,0.7120810151100159,1,life breathed by God,0.7120810151100159,1,poetic image of vitality,0.4879167377948761,3
Life and Death / Created Life,breath of life,biblical_anthropological,medium,ordinary,ordinary_1,The everyday meaning of breath of life.,0.39359900951385496,0.3624959051609039,0.03110310435295105,life breathed by God,catholic,0.6019948720932007,1,life breathed by God,0.6019948720932007,1,breathing as biological function,0.4362262487411499,3
Life and Death / Created Life,breath of life,biblical_anthropological,medium,ordinary,ordinary_2,How people experience breath of life.,0.3679075866937637,0.3503001153469086,0.01760747134685514,life breathed by God,catholic,0.5467691421508789,1,life breathed by God,0.5467691421508789,1,breathing as biological function,0.4054938852787018,3
Life and Death / Created Life,breath of life,biblical_anthropological,medium,ordinary,ordinary_3,How people talk about breath of life in ordinary life.,0.35577667951583863,0.3369399726390839,0.01883670687675476,life breathed by God,catholic,0.5309262275695801,1,life breathed by God,0.5309262275695801,1,breathing as biological function,0.39943063259124756,3
Life and Death / Created Life,breath of life,biblical_anthropological,medium,academic,academic_1,The concept of breath of life.,0.4829354643821716,0.3893980264663696,0.09353743791580199,life breathed by God,catholic,0.684486985206604,1,life breathed by God,0.684486985206604,1,breathing as biological function,0.45329970121383667,4
Life and Death / Created Life,breath of life,biblical_anthropological,medium,academic,academic_2,The meaning of breath of life.,0.43311155438423155,0.34871087670326234,0.0844006776809692,life breathed by God,catholic,0.6453733444213867,1,life breathed by God,0.6453733444213867,1,breathing as biological function,0.4156549572944641,3
Life and Death / Created Life,breath of life,biblical_anthropological,medium,academic,academic_3,A discussion of breath of life in human life.,0.41330733299255373,0.37614598870277405,0.037161344289779685,life breathed by God,catholic,0.6135244965553284,1,life breathed by God,0.6135244965553284,1,breathing as biological function,0.4611484408378601,3
Life and Death / Created Life,breath of life,biblical_anthropological,medium,catholic,catholic_1,Breath of life in Catholic theology.,0.47692505121231077,0.347925865650177,0.12899918556213374,life breathed by God,catholic,0.6458301544189453,1,life breathed by God,0.6458301544189453,1,breathing as biological function,0.39208531379699707,5
Life and Death / Created Life,breath of life,biblical_anthropological,medium,catholic,catholic_2,Catholic teaching on breath of life.,0.4425846338272095,0.27571828961372374,0.16686634421348573,life breathed by God,catholic,0.5733698010444641,1,life breathed by God,0.5733698010444641,1,breathing as biological function,0.3536631166934967,5
Life and Death / Created Life,breath of life,biblical_anthropological,medium,catholic,catholic_3,The meaning of breath of life in Christian doctrine.,0.4661879539489746,0.30541069209575655,0.16077726185321806,life breathed by God,catholic,0.6240737438201904,1,life breathed by God,0.6240737438201904,1,breathing as biological function,0.3742309510707855,5
Life and Death / Created Life,created life,doctrinal_cosmological,medium,bare,bare_1,created life,0.4863357961177826,0.4102678418159485,0.0760679543018341,life created by God,catholic,0.6670578122138977,1,life created by God,0.6670578122138977,1,evolutionary life forms,0.5033361911773682,3
Life and Death / Created Life,created life,doctrinal_cosmological,medium,ordinary,ordinary_1,The everyday meaning of created life.,0.48275253772735593,0.3195159941911697,0.16323654353618622,life created by God,catholic,0.5854216814041138,1,life created by God,0.5854216814041138,1,natural living world,0.4005286991596222,5
Life and Death / Created Life,created life,doctrinal_cosmological,medium,ordinary,ordinary_2,How people experience created life.,0.4077917218208313,0.26683664619922637,0.14095507562160492,life created by God,catholic,0.47327718138694763,1,life created by God,0.47327718138694763,1,natural living world,0.34429678320884705,5
Life and Death / Created Life,created life,doctrinal_cosmological,medium,ordinary,ordinary_3,How people talk about created life in ordinary life.,0.3969679057598114,0.28439845740795133,0.11256944835186006,life created by God,catholic,0.47886377573013306,1,life created by God,0.47886377573013306,1,natural living world,0.3550744950771332,5
Life and Death / Created Life,created life,doctrinal_cosmological,medium,academic,academic_1,The concept of created life.,0.5080004751682281,0.3167603135108948,0.19124016165733332,life created by God,catholic,0.6603952646255493,1,life created by God,0.6603952646255493,1,evolutionary life forms,0.4211547076702118,5
Life and Death / Created Life,created life,doctrinal_cosmological,medium,academic,academic_2,The meaning of created life.,0.5002886414527893,0.29259204864501953,0.20769659280776975,life created by God,catholic,0.6358729004859924,1,life created by God,0.6358729004859924,1,evolutionary life forms,0.37499502301216125,5
Life and Death / Created Life,created life,doctrinal_cosmological,medium,academic,academic_3,A discussion of created life in human life.,0.4672568738460541,0.2994427591562271,0.167814114689827,life created by God,catholic,0.5605268478393555,1,life created by God,0.5605268478393555,1,evolutionary life forms,0.4054385721683502,5
Life and Death / Created Life,created life,doctrinal_cosmological,medium,catholic,catholic_1,Created life in Catholic theology.,0.45272666215896606,0.23954994082450867,0.2131767213344574,life created by God,catholic,0.6002703309059143,1,life created by God,0.6002703309059143,1,evolutionary life forms,0.30813631415367126,6
Life and Death / Created Life,created life,doctrinal_cosmological,medium,catholic,catholic_2,Catholic teaching on created life.,0.4821550726890564,0.2563367187976837,0.22581835389137267,life created by God,catholic,0.5351971387863159,1,life created by God,0.5351971387863159,1,evolutionary life forms,0.3264341354370117,6
Life and Death / Created Life,created life,doctrinal_cosmological,medium,catholic,catholic_3,The meaning of created life in Christian doctrine.,0.5033299863338471,0.23273671865463258,0.2705932676792145,life created by God,catholic,0.6179952621459961,1,life created by God,0.6179952621459961,1,evolutionary life forms,0.29920756816864014,6
Life and Death / Mortality,death,anthropological_eschatological,high,bare,bare_1,death,0.35735193490982053,0.4333616435527802,-0.07600970864295964,mortality,secular,0.582020103931427,0,death transformed by Christ,0.49303191900253296,3,mortality,0.582020103931427,1
Life and Death / Mortality,death,anthropological_eschatological,high,ordinary,ordinary_1,The everyday meaning of death.,0.26663534343242645,0.32894646525383,-0.062311121821403526,mortality,secular,0.4356236159801483,0,death transformed by Christ,0.3935123682022095,2,mortality,0.4356236159801483,1
Life and Death / Mortality,death,anthropological_eschatological,high,ordinary,ordinary_2,How people experience death.,0.311062890291214,0.32042587697505953,-0.009362986683845553,end of life,secular,0.4306420385837555,0,death transformed by Christ,0.40713444352149963,2,end of life,0.4306420385837555,1
Life and Death / Mortality,death,anthropological_eschatological,high,ordinary,ordinary_3,How people talk about death in ordinary life.,0.2309361696243286,0.27662523090839386,-0.04568906128406525,mortality,secular,0.3895634710788727,0,death transformed by Christ,0.3455003499984741,2,mortality,0.3895634710788727,1
Life and Death / Mortality,death,anthropological_eschatological,high,academic,academic_1,The concept of death.,0.29553076922893523,0.3377590388059616,-0.042228269577026356,mortality,secular,0.4374346137046814,0,death transformed by Christ,0.43093812465667725,2,mortality,0.4374346137046814,1
Life and Death / Mortality,death,anthropological_eschatological,high,academic,academic_2,The meaning of death.,0.317638635635376,0.31677071154117586,0.0008679240942001121,death transformed by Christ,catholic,0.45560961961746216,1,death transformed by Christ,0.45560961961746216,1,mortality,0.4175795018672943,2
Life and Death / Mortality,death,anthropological_eschatological,high,academic,academic_3,A discussion of death in human life.,0.3238093137741089,0.3475722759962082,-0.023762962222099338,mortality,secular,0.4617224931716919,0,death transformed by Christ,0.4357866942882538,2,mortality,0.4617224931716919,1
Life and Death / Mortality,death,anthropological_eschatological,high,catholic,catholic_1,Death in Catholic theology.,0.3645503282546997,0.3038631588220596,0.060687169432640076,death transformed by Christ,catholic,0.5246272683143616,1,death transformed by Christ,0.5246272683143616,1,mortality,0.38793128728866577,2
Life and Death / Mortality,death,anthropological_eschatological,high,catholic,catholic_2,Catholic teaching on death.,0.3350913941860199,0.24043688774108887,0.09465450644493104,death transformed by Christ,catholic,0.44552141427993774,1,death transformed by Christ,0.44552141427993774,1,end of life,0.3390873968601227,3
Life and Death / Mortality,death,anthropological_eschatological,high,catholic,catholic_3,The meaning of death in Christian doctrine.,0.36779934763908384,0.24991067498922348,0.11788867264986036,death transformed by Christ,catholic,0.5563631653785706,1,death transformed by Christ,0.5563631653785706,1,mortality,0.3456484377384186,3
Life and Death / Mortality,mortality,anthropological_eschatological,high,bare,bare_1,mortality,0.36495116353034973,0.40506558418273925,-0.040114420652389515,inevitable death,secular,0.5615561604499817,0,earthly life marked by death,0.5069319605827332,2,inevitable death,0.5615561604499817,1
Life and Death / Mortality,mortality,anthropological_eschatological,high,ordinary,ordinary_1,The everyday meaning of mortality.,0.33852580189704895,0.3123850166797638,0.026140785217285134,earthly life marked by death,catholic,0.5060393214225769,1,earthly life marked by death,0.5060393214225769,1,inevitable death,0.4440135359764099,2
Life and Death / Mortality,mortality,anthropological_eschatological,high,ordinary,ordinary_2,How people experience mortality.,0.3728921294212341,0.3155630141496658,0.05732911527156831,earthly life marked by death,catholic,0.4770652949810028,1,earthly life marked by death,0.4770652949810028,1,inevitable death,0.4646340012550354,2
Life and Death / Mortality,mortality,anthropological_eschatological,high,ordinary,ordinary_3,How people talk about mortality in ordinary life.,0.3303685039281845,0.29395895898342134,0.03640954494476317,earthly life marked by death,catholic,0.46489545702934265,1,earthly life marked by death,0.46489545702934265,1,inevitable death,0.40096086263656616,2
Life and Death / Mortality,mortality,anthropological_eschatological,high,academic,academic_1,The concept of mortality.,0.38889179229736326,0.34859577417373655,0.04029601812362671,earthly life marked by death,catholic,0.49710509181022644,1,earthly life marked by death,0.49710509181022644,1,inevitable death,0.48733440041542053,2
Life and Death / Mortality,mortality,anthropological_eschatological,high,academic,academic_2,The meaning of mortality.,0.35283952951431274,0.29310008585453035,0.0597394436597824,earthly life marked by death,catholic,0.4832964837551117,1,earthly life marked by death,0.4832964837551117,1,inevitable death,0.4376896619796753,2
Life and Death / Mortality,mortality,anthropological_eschatological,high,academic,academic_3,A discussion of mortality in human life.,0.40212251543998717,0.37121768295764923,0.03090483248233794,earthly life marked by death,catholic,0.5517114996910095,1,earthly life marked by death,0.5517114996910095,1,inevitable death,0.48027506470680237,2
Life and Death / Mortality,mortality,anthropological_eschatological,high,catholic,catholic_1,Mortality in Catholic theology.,0.38957858085632324,0.25627540051937103,0.1333031803369522,earthly life marked by death,catholic,0.4518509805202484,1,earthly life marked by death,0.4518509805202484,1,inevitable death,0.4273248016834259,3
Life and Death / Mortality,mortality,anthropological_eschatological,high,catholic,catholic_2,Catholic teaching on mortality.,0.36063599586486816,0.23913465440273285,0.12150134146213531,earthly life marked by death,catholic,0.4143669009208679,1,earthly life marked by death,0.4143669009208679,1,inevitable death,0.3643662631511688,4
Life and Death / Mortality,mortality,anthropological_eschatological,high,catholic,catholic_3,The meaning of mortality in Christian doctrine.,0.3646552264690399,0.2211400717496872,0.14351515471935272,earthly life marked by death,catholic,0.4439716935157776,1,earthly life marked by death,0.4439716935157776,1,inevitable death,0.357684463262558,4
Life and Death / Mortality,dying,pastoral_anthropological,high,bare,bare_1,dying,0.33689662516117097,0.44703189730644227,-0.1101352721452713,approach of death,secular,0.5360933542251587,0,pastoral care of the dying,0.4504251480102539,4,approach of death,0.5360933542251587,1
Life and Death / Mortality,dying,pastoral_anthropological,high,ordinary,ordinary_1,The everyday meaning of dying.,0.2867386996746063,0.3367859959602356,-0.05004729628562932,approach of death,secular,0.4352468252182007,0,pastoral care of the dying,0.3955424726009369,2,approach of death,0.4352468252182007,1
Life and Death / Mortality,dying,pastoral_anthropological,high,ordinary,ordinary_2,How people experience dying.,0.33188619315624235,0.3724468618631363,-0.040560668706893954,approach of death,secular,0.5898699760437012,0,pastoral care of the dying,0.4624713957309723,3,approach of death,0.5898699760437012,1
Life and Death / Mortality,dying,pastoral_anthropological,high,ordinary,ordinary_3,How people talk about dying in ordinary life.,0.2796000063419342,0.3146349400281906,-0.035034933686256375,approach of death,secular,0.47938472032546997,0,pastoral care of the dying,0.3881237506866455,2,approach of death,0.47938472032546997,1
Life and Death / Mortality,dying,pastoral_anthropological,high,academic,academic_1,The concept of dying.,0.3072201073169708,0.36372177600860595,-0.05650166869163514,approach of death,secular,0.5371778607368469,0,pastoral care of the dying,0.3902972936630249,3,approach of death,0.5371778607368469,1
Life and Death / Mortality,dying,pastoral_anthropological,high,academic,academic_2,The meaning of dying.,0.33078646957874297,0.34288136661052704,-0.012094897031784069,approach of death,secular,0.47042280435562134,0,pastoral care of the dying,0.4377250075340271,2,approach of death,0.47042280435562134,1
Life and Death / Mortality,dying,pastoral_anthropological,high,academic,academic_3,A discussion of dying in human life.,0.3579382300376892,0.3777187705039978,-0.019780540466308616,approach of death,secular,0.5275882482528687,0,pastoral care of the dying,0.45564791560173035,2,approach of death,0.5275882482528687,1
Life and Death / Mortality,dying,pastoral_anthropological,high,catholic,catholic_1,Dying in Catholic theology.,0.4033798694610596,0.33062983453273775,0.07275003492832183,pastoral care of the dying,catholic,0.4892108142375946,1,pastoral care of the dying,0.4892108142375946,1,approach of death,0.4217928946018219,4
Life and Death / Mortality,dying,pastoral_anthropological,high,catholic,catholic_2,Catholic teaching on dying.,0.42754926681518557,0.2852670162916183,0.14228225052356724,pastoral care of the dying,catholic,0.5638417601585388,1,pastoral care of the dying,0.5638417601585388,1,approach of death,0.4389917552471161,3
Life and Death / Mortality,dying,pastoral_anthropological,high,catholic,catholic_3,The meaning of dying in Christian doctrine.,0.383964940905571,0.2637678623199463,0.12019707858562467,hope in Christ at death,catholic,0.47957512736320496,1,hope in Christ at death,0.47957512736320496,1,approach of death,0.36601731181144714,4
Life and Death / Mortality,end of life,bioethical_pastoral,high,bare,bare_1,end of life,0.5066746771335602,0.5166702449321747,-0.009995567798614546,final phase of life,secular,0.6966481804847717,0,pastoral care at life's end,0.6326281428337097,2,final phase of life,0.6966481804847717,1
Life and Death / Mortality,end of life,bioethical_pastoral,high,ordinary,ordinary_1,The everyday meaning of end of life.,0.3930143415927887,0.3290458798408508,0.06396846175193788,pastoral care at life's end,catholic,0.4946824610233307,1,pastoral care at life's end,0.4946824610233307,1,final phase of life,0.4730651080608368,2
Life and Death / Mortality,end of life,bioethical_pastoral,high,ordinary,ordinary_2,How people experience end of life.,0.45132665038108827,0.3577029585838318,0.09362369179725649,pastoral care at life's end,catholic,0.5748856663703918,1,pastoral care at life's end,0.5748856663703918,1,final phase of life,0.5273224711418152,2
Life and Death / Mortality,end of life,bioethical_pastoral,high,ordinary,ordinary_3,How people talk about end of life in ordinary life.,0.40575937628746034,0.3205587476491928,0.08520062863826755,pastoral care at life's end,catholic,0.5046001076698303,1,pastoral care at life's end,0.5046001076698303,1,final phase of life,0.458406001329422,2
Life and Death / Mortality,end of life,bioethical_pastoral,high,academic,academic_1,The concept of end of life.,0.44649778008461,0.39477819204330444,0.05171958804130555,pastoral care at life's end,catholic,0.5501846671104431,1,pastoral care at life's end,0.5501846671104431,1,final phase of life,0.5402684807777405,2
Life and Death / Mortality,end of life,bioethical_pastoral,high,academic,academic_2,The meaning of end of life.,0.42331811785697937,0.36230868101119995,0.06100943684577942,final phase of life,secular,0.5502440929412842,0,pastoral care at life's end,0.5409067273139954,2,final phase of life,0.5502440929412842,1
Life and Death / Mortality,end of life,bioethical_pastoral,high,academic,academic_3,A discussion of end of life in human life.,0.4714144170284271,0.38412690758705137,0.08728750944137575,final phase of life,secular,0.5687772631645203,0,pastoral care at life's end,0.5557249784469604,2,final phase of life,0.5687772631645203,1
Life and Death / Mortality,end of life,bioethical_pastoral,high,catholic,catholic_1,End of life in Catholic theology.,0.46232215166091917,0.3299746125936508,0.13234753906726837,pastoral care at life's end,catholic,0.5421468615531921,1,pastoral care at life's end,0.5421468615531921,1,final phase of life,0.5034441947937012,2
Life and Death / Mortality,end of life,bioethical_pastoral,high,catholic,catholic_2,Catholic teaching on end of life.,0.46229699850082395,0.28724554777145384,0.17505145072937012,respect for life until natural death,catholic,0.5424588322639465,1,respect for life until natural death,0.5424588322639465,1,final phase of life,0.4045162498950958,5
Life and Death / Mortality,end of life,bioethical_pastoral,high,catholic,catholic_3,The meaning of end of life in Christian doctrine.,0.4302805721759796,0.2880618944764137,0.14221867769956587,pastoral care at life's end,catholic,0.5314582586288452,1,pastoral care at life's end,0.5314582586288452,1,final phase of life,0.4658951461315155,2
Life and Death / Mortality,grief,pastoral_spiritual,high,bare,bare_1,grief,0.41873165369033816,0.5751603901386261,-0.15642873644828792,bereavement,secular,0.7279031872749329,0,sorrow before God,0.4908301532268524,5,bereavement,0.7279031872749329,1
Life and Death / Mortality,grief,pastoral_spiritual,high,ordinary,ordinary_1,The everyday meaning of grief.,0.31520273685455324,0.44222754836082456,-0.12702481150627132,bereavement,secular,0.4909346103668213,0,mourning held in Christian hope,0.3613753020763397,6,bereavement,0.4909346103668213,1
Life and Death / Mortality,grief,pastoral_spiritual,high,ordinary,ordinary_2,How people experience grief.,0.31318989396095276,0.49169689416885376,-0.178507000207901,mourning process,secular,0.562025785446167,0,mourning held in Christian hope,0.3792608678340912,6,mourning process,0.562025785446167,1
Life and Death / Mortality,grief,pastoral_spiritual,high,ordinary,ordinary_3,How people talk about grief in ordinary life.,0.2850405603647232,0.39971845746040346,-0.11467789709568027,coping with death,secular,0.42962008714675903,0,mourning held in Christian hope,0.34713640809059143,6,coping with death,0.42962008714675903,1
Life and Death / Mortality,grief,pastoral_spiritual,high,academic,academic_1,The concept of grief.,0.3466066658496857,0.5108129918575287,-0.16420632600784302,mourning process,secular,0.5615291595458984,0,mourning held in Christian hope,0.4006907641887665,6,mourning process,0.5615291595458984,1
Life and Death / Mortality,grief,pastoral_spiritual,high,academic,academic_2,The meaning of grief.,0.33577916622161863,0.4449427485466003,-0.10916358232498169,bereavement,secular,0.5157794952392578,0,sorrow before God,0.39307302236557007,5,bereavement,0.5157794952392578,1
Life and Death / Mortality,grief,pastoral_spiritual,high,academic,academic_3,A discussion of grief in human life.,0.37496216893196105,0.47399333119392395,-0.0990311622619629,mourning process,secular,0.4979717433452606,0,mourning held in Christian hope,0.4389747083187103,5,mourning process,0.4979717433452606,1
Life and Death / Mortality,grief,pastoral_spiritual,high,catholic,catholic_1,Grief in Catholic theology.,0.43392744064331057,0.44745256304740905,-0.013525122404098477,mourning held in Christian hope,catholic,0.569379448890686,1,mourning held in Christian hope,0.569379448890686,1,bereavement,0.4992659389972687,2
Life and Death / Mortality,grief,pastoral_spiritual,high,catholic,catholic_2,Catholic teaching on grief.,0.4022535890340805,0.4234683930873871,-0.021214804053306613,mourning held in Christian hope,catholic,0.5466287732124329,1,mourning held in Christian hope,0.5466287732124329,1,bereavement,0.4626752436161041,2
Life and Death / Mortality,grief,pastoral_spiritual,high,catholic,catholic_3,The meaning of grief in Christian doctrine.,0.38786599934101107,0.35776357650756835,0.03010242283344272,mourning held in Christian hope,catholic,0.5412696003913879,1,mourning held in Christian hope,0.5412696003913879,1,bereavement,0.41986292600631714,3
Life and Death / Mortality,mourning,pastoral_liturgical,medium,bare,bare_1,mourning,0.4618197649717331,0.6027910947799683,-0.14097132980823518,funeral mourning in faith,catholic,0.6461426019668579,1,funeral mourning in faith,0.6461426019668579,1,public grief,0.6449592113494873,2
Life and Death / Mortality,mourning,pastoral_liturgical,medium,ordinary,ordinary_1,The everyday meaning of mourning.,0.36517452597618105,0.44627662301063536,-0.08110209703445431,social expression of sorrow,secular,0.5259284377098083,0,funeral mourning in faith,0.5137697458267212,2,social expression of sorrow,0.5259284377098083,1
Life and Death / Mortality,mourning,pastoral_liturgical,medium,ordinary,ordinary_2,How people experience mourning.,0.35664608478546145,0.4878557562828064,-0.13120967149734497,bereavement ritual,secular,0.5355515480041504,0,funeral mourning in faith,0.5102404952049255,3,bereavement ritual,0.5355515480041504,1
Life and Death / Mortality,mourning,pastoral_liturgical,medium,ordinary,ordinary_3,How people talk about mourning in ordinary life.,0.34283917844295503,0.45177777409553527,-0.10893859565258024,social expression of sorrow,secular,0.5195604562759399,0,funeral mourning in faith,0.4679728150367737,3,social expression of sorrow,0.5195604562759399,1
Life and Death / Mortality,mourning,pastoral_liturgical,medium,academic,academic_1,The concept of mourning.,0.41027393043041227,0.5085594534873963,-0.09828552305698401,funeral mourning in faith,catholic,0.580727756023407,1,funeral mourning in faith,0.580727756023407,1,social expression of sorrow,0.5614392757415771,2
Life and Death / Mortality,mourning,pastoral_liturgical,medium,academic,academic_2,The meaning of mourning.,0.38896140158176423,0.4316058695316315,-0.04264446794986726,funeral mourning in faith,catholic,0.5513132214546204,1,funeral mourning in faith,0.5513132214546204,1,social expression of sorrow,0.5048997402191162,2
Life and Death / Mortality,mourning,pastoral_liturgical,medium,academic,academic_3,A discussion of mourning in human life.,0.40847190022468566,0.470284515619278,-0.06181261539459232,funeral mourning in faith,catholic,0.5535576939582825,1,funeral mourning in faith,0.5535576939582825,1,social expression of sorrow,0.5281440019607544,2
Life and Death / Mortality,mourning,pastoral_liturgical,medium,catholic,catholic_1,Mourning in Catholic theology.,0.465731018781662,0.4501065194606781,0.01562449932098392,funeral mourning in faith,catholic,0.6268510818481445,1,funeral mourning in faith,0.6268510818481445,1,bereavement ritual,0.49737387895584106,3
Life and Death / Mortality,mourning,pastoral_liturgical,medium,catholic,catholic_2,Catholic teaching on mourning.,0.4482900321483612,0.4235715210437775,0.02471851110458373,funeral mourning in faith,catholic,0.6114904284477234,1,funeral mourning in faith,0.6114904284477234,1,bereavement ritual,0.4605550169944763,3
Life and Death / Mortality,mourning,pastoral_liturgical,medium,catholic,catholic_3,The meaning of mourning in Christian doctrine.,0.42761046886444093,0.3632128417491913,0.06439762711524966,funeral mourning in faith,catholic,0.5855574011802673,1,funeral mourning in faith,0.5855574011802673,1,social expression of sorrow,0.4152899980545044,4
Life and Death / Eschatology,eternal life,eschatological_doctrinal,low,bare,bare_1,eternal life,0.5452325582504273,0.5572634696960449,-0.012030911445617631,immortality,secular,0.6617825031280518,0,life of the world to come,0.6587255597114563,2,immortality,0.6617825031280518,1
Life and Death / Eschatology,eternal life,eschatological_doctrinal,low,ordinary,ordinary_1,The everyday meaning of eternal life.,0.3757598757743835,0.3707164704799652,0.005043405294418324,life of the world to come,catholic,0.4619174003601074,1,life of the world to come,0.4619174003601074,1,endless existence,0.4167856276035309,2
Life and Death / Eschatology,eternal life,eschatological_doctrinal,low,ordinary,ordinary_2,How people experience eternal life.,0.44222869277000426,0.4233313798904419,0.018897312879562367,life of the world to come,catholic,0.5302355289459229,1,life of the world to come,0.5302355289459229,1,life after death,0.523815393447876,2
Life and Death / Eschatology,eternal life,eschatological_doctrinal,low,ordinary,ordinary_3,How people talk about eternal life in ordinary life.,0.3816797912120819,0.37937924861907957,0.0023005425930023304,life of the world to come,catholic,0.4793039560317993,1,life of the world to come,0.4793039560317993,1,afterlife idea,0.4415300488471985,2
Life and Death / Eschatology,eternal life,eschatological_doctrinal,low,academic,academic_1,The concept of eternal life.,0.3925959825515747,0.4672430157661438,-0.07464703321456911,afterlife idea,secular,0.5545582175254822,0,life of the world to come,0.479698121547699,4,afterlife idea,0.5545582175254822,1
Life and Death / Eschatology,eternal life,eschatological_doctrinal,low,academic,academic_2,The meaning of eternal life.,0.3995234429836273,0.38608338832855227,0.013440054655075029,life of the world to come,catholic,0.47146713733673096,1,life of the world to come,0.47146713733673096,1,immortality,0.43481317162513733,2
Life and Death / Eschatology,eternal life,eschatological_doctrinal,low,academic,academic_3,A discussion of eternal life in human life.,0.3950850486755371,0.4158260941505432,-0.020741045475006104,life of the world to come,catholic,0.4832710921764374,1,life of the world to come,0.4832710921764374,1,immortality,0.4728641211986542,2
Life and Death / Eschatology,eternal life,eschatological_doctrinal,low,catholic,catholic_1,Eternal life in Catholic theology.,0.45670326948165896,0.41703417897224426,0.039669090509414695,communion with God forever,catholic,0.5331429243087769,1,communion with God forever,0.5331429243087769,1,immortality,0.4704445004463196,4
Life and Death / Eschatology,eternal life,eschatological_doctrinal,low,catholic,catholic_2,Catholic teaching on eternal life.,0.41791325211524966,0.350449937582016,0.06746331453323368,communion with God forever,catholic,0.4609701335430145,1,communion with God forever,0.4609701335430145,1,life after death,0.43540459871292114,3
Life and Death / Eschatology,eternal life,eschatological_doctrinal,low,catholic,catholic_3,The meaning of eternal life in Christian doctrine.,0.4104412853717804,0.3668549954891205,0.04358628988265989,communion with God forever,catholic,0.45092812180519104,1,communion with God forever,0.45092812180519104,1,immortality,0.39991098642349243,5
Life and Death / Eschatology,resurrection,eschatological_doctrinal,low,bare,bare_1,resurrection,0.5342490971088409,0.4122741103172302,0.12197498679161073,bodily resurrection in Christ,catholic,0.6836138963699341,1,bodily resurrection in Christ,0.6836138963699341,1,return from death,0.5219751000404358,3
Life and Death / Eschatology,resurrection,eschatological_doctrinal,low,ordinary,ordinary_1,The everyday meaning of resurrection.,0.38868905901908873,0.3199768662452698,0.06871219277381896,bodily resurrection in Christ,catholic,0.563686728477478,1,bodily resurrection in Christ,0.563686728477478,1,return from death,0.38494834303855896,3
Life and Death / Eschatology,resurrection,eschatological_doctrinal,low,ordinary,ordinary_2,How people experience resurrection.,0.4557903230190277,0.3290842413902283,0.12670608162879943,bodily resurrection in Christ,catholic,0.6198331713676453,1,bodily resurrection in Christ,0.6198331713676453,1,return from death,0.43298643827438354,3
Life and Death / Eschatology,resurrection,eschatological_doctrinal,low,ordinary,ordinary_3,How people talk about resurrection in ordinary life.,0.3875426173210144,0.31175067126750944,0.07579194605350498,bodily resurrection in Christ,catholic,0.5551373958587646,1,bodily resurrection in Christ,0.5551373958587646,1,return from death,0.40566641092300415,2
Life and Death / Eschatology,resurrection,eschatological_doctrinal,low,academic,academic_1,The concept of resurrection.,0.4288647651672363,0.32409256398677827,0.10477220118045805,bodily resurrection in Christ,catholic,0.5999780893325806,1,bodily resurrection in Christ,0.5999780893325806,1,return from death,0.42849427461624146,2
Life and Death / Eschatology,resurrection,eschatological_doctrinal,low,academic,academic_2,The meaning of resurrection.,0.4045424163341522,0.263583642244339,0.14095877408981322,bodily resurrection in Christ,catholic,0.5595030784606934,1,bodily resurrection in Christ,0.5595030784606934,1,return from death,0.37981122732162476,4
Life and Death / Eschatology,resurrection,eschatological_doctrinal,low,academic,academic_3,A discussion of resurrection in human life.,0.4442284882068634,0.29693393111228944,0.14729455709457395,bodily resurrection in Christ,catholic,0.6225762367248535,1,bodily resurrection in Christ,0.6225762367248535,1,return from death,0.4303481876850128,3
Life and Death / Eschatology,resurrection,eschatological_doctrinal,low,catholic,catholic_1,Resurrection in Catholic theology.,0.4163635790348053,0.28784555196762085,0.12851802706718446,bodily resurrection in Christ,catholic,0.6132557988166809,1,bodily resurrection in Christ,0.6132557988166809,1,return from death,0.34842726588249207,4
Life and Death / Eschatology,resurrection,eschatological_doctrinal,low,catholic,catholic_2,Catholic teaching on resurrection.,0.3789366900920868,0.21669797003269195,0.16223872005939485,bodily resurrection in Christ,catholic,0.5763886570930481,1,bodily resurrection in Christ,0.5763886570930481,1,return from death,0.28932544589042664,5
Life and Death / Eschatology,resurrection,eschatological_doctrinal,low,catholic,catholic_3,The meaning of resurrection in Christian doctrine.,0.3947839021682739,0.24492348730564117,0.14986041486263274,bodily resurrection in Christ,catholic,0.5779163837432861,1,bodily resurrection in Christ,0.5779163837432861,1,return from death,0.30923032760620117,4
Life and Death / Eschatology,judgment after death,eschatological_moral,medium,bare,bare_1,judgment after death,0.5466444432735443,0.493159556388855,0.05348488688468933,afterlife judgment,secular,0.8206817507743835,0,particular judgment before God,0.7159987092018127,2,afterlife judgment,0.8206817507743835,1
Life and Death / Eschatology,judgment after death,eschatological_moral,medium,ordinary,ordinary_1,The everyday meaning of judgment after death.,0.4510192275047302,0.3608319848775864,0.09018724262714384,afterlife judgment,secular,0.6467035412788391,0,particular judgment before God,0.6094445586204529,2,afterlife judgment,0.6467035412788391,1
Life and Death / Eschatology,judgment after death,eschatological_moral,medium,ordinary,ordinary_2,How people experience judgment after death.,0.47617775201797485,0.3914352715015411,0.08474248051643374,afterlife judgment,secular,0.6853015422821045,0,particular judgment before God,0.6036714911460876,2,afterlife judgment,0.6853015422821045,1
Life and Death / Eschatology,judgment after death,eschatological_moral,medium,ordinary,ordinary_3,How people talk about judgment after death in ordinary life.,0.4275812804698944,0.34199167490005494,0.08558960556983947,afterlife judgment,secular,0.6017313599586487,0,particular judgment before God,0.5449029803276062,2,afterlife judgment,0.6017313599586487,1
Life and Death / Eschatology,judgment after death,eschatological_moral,medium,academic,academic_1,The concept of judgment after death.,0.4637914836406708,0.39769586026668546,0.06609562337398533,afterlife judgment,secular,0.7041443586349487,0,particular judgment before God,0.6062161326408386,2,afterlife judgment,0.7041443586349487,1
Life and Death / Eschatology,judgment after death,eschatological_moral,medium,academic,academic_2,The meaning of judgment after death.,0.45665780305862425,0.3785835325717926,0.07807427048683163,afterlife judgment,secular,0.6869621276855469,0,particular judgment before God,0.6038579940795898,2,afterlife judgment,0.6869621276855469,1
Life and Death / Eschatology,judgment after death,eschatological_moral,medium,academic,academic_3,A discussion of judgment after death in human life.,0.4706557095050812,0.39320461750030516,0.07745109200477601,afterlife judgment,secular,0.6733270883560181,0,particular judgment before God,0.5842992067337036,2,afterlife judgment,0.6733270883560181,1
Life and Death / Eschatology,judgment after death,eschatological_moral,medium,catholic,catholic_1,Judgment after death in Catholic theology.,0.45426373481750487,0.3817484200000763,0.07251531481742857,afterlife judgment,secular,0.6473423838615417,0,particular judgment before God,0.6186605095863342,2,afterlife judgment,0.6473423838615417,1
Life and Death / Eschatology,judgment after death,eschatological_moral,medium,catholic,catholic_2,Catholic teaching on judgment after death.,0.4178009331226349,0.34551554918289185,0.07228538393974304,afterlife judgment,secular,0.5961412787437439,0,particular judgment before God,0.55452960729599,2,afterlife judgment,0.5961412787437439,1
Life and Death / Eschatology,judgment after death,eschatological_moral,medium,catholic,catholic_3,The meaning of judgment after death in Christian doctrine.,0.431618458032608,0.3478274643421173,0.0837909936904907,afterlife judgment,secular,0.617163360118866,0,particular judgment before God,0.5868037343025208,2,afterlife judgment,0.617163360118866,1
Life and Death / Eschatology,heaven,eschatological_doctrinal,medium,bare,bare_1,heaven,0.4130200743675232,0.42221684455871583,-0.009196770191192638,afterlife paradise,secular,0.5711261034011841,0,home of the blessed,0.46009060740470886,3,afterlife paradise,0.5711261034011841,1
Life and Death / Eschatology,heaven,eschatological_doctrinal,medium,ordinary,ordinary_1,The everyday meaning of heaven.,0.31702646017074587,0.2842716872692108,0.032754772901535056,afterlife paradise,secular,0.39633908867836,0,perfect joy in God's presence,0.35270974040031433,2,afterlife paradise,0.39633908867836,1
Life and Death / Eschatology,heaven,eschatological_doctrinal,medium,ordinary,ordinary_2,How people experience heaven.,0.35504432320594786,0.309931281208992,0.04511304199695587,afterlife paradise,secular,0.495397686958313,0,beatific vision,0.414974182844162,2,afterlife paradise,0.495397686958313,1
Life and Death / Eschatology,heaven,eschatological_doctrinal,medium,ordinary,ordinary_3,How people talk about heaven in ordinary life.,0.27839677929878237,0.2593232333660126,0.019073545932769775,afterlife paradise,secular,0.3981870412826538,0,perfect joy in God's presence,0.3093246817588806,2,afterlife paradise,0.3981870412826538,1
Life and Death / Eschatology,heaven,eschatological_doctrinal,medium,academic,academic_1,The concept of heaven.,0.3402969241142273,0.31616761088371276,0.024129313230514537,afterlife paradise,secular,0.4613858461380005,0,beatific vision,0.3824210464954376,2,afterlife paradise,0.4613858461380005,1
Life and Death / Eschatology,heaven,eschatological_doctrinal,medium,academic,academic_2,The meaning of heaven.,0.33516437411308286,0.29142796993255615,0.04373640418052671,afterlife paradise,secular,0.4147893786430359,0,perfect joy in God's presence,0.37106072902679443,2,afterlife paradise,0.4147893786430359,1
Life and Death / Eschatology,heaven,eschatological_doctrinal,medium,academic,academic_3,A discussion of heaven in human life.,0.3365843594074249,0.30734475553035734,0.029239603877067588,afterlife paradise,secular,0.45922714471817017,0,perfect joy in God's presence,0.3651469051837921,2,afterlife paradise,0.45922714471817017,1
Life and Death / Eschatology,heaven,eschatological_doctrinal,medium,catholic,catholic_1,Heaven in Catholic theology.,0.3950685977935791,0.2846021056175232,0.11046649217605592,beatific vision,catholic,0.4440378248691559,1,beatific vision,0.4440378248691559,1,afterlife paradise,0.4149527847766876,3
Life and Death / Eschatology,heaven,eschatological_doctrinal,medium,catholic,catholic_2,Catholic teaching on heaven.,0.3217089831829071,0.2316613033413887,0.09004767984151837,beatific vision,catholic,0.3971261978149414,1,beatific vision,0.3971261978149414,1,afterlife paradise,0.37722912430763245,2
Life and Death / Eschatology,heaven,eschatological_doctrinal,medium,catholic,catholic_3,The meaning of heaven in Christian doctrine.,0.3516359984874725,0.26098606586456297,0.09064993262290955,perfect joy in God's presence,catholic,0.40517476201057434,1,perfect joy in God's presence,0.40517476201057434,1,afterlife paradise,0.3747054934501648,2
Life and Death / Eschatology,hell,eschatological_doctrinal,medium,bare,bare_1,hell,0.18918074071407318,0.24758669435977937,-0.05840595364570619,afterlife torment,secular,0.29966798424720764,0,definitive separation from God,0.20937085151672363,5,afterlife torment,0.29966798424720764,1
Life and Death / Eschatology,hell,eschatological_doctrinal,medium,ordinary,ordinary_1,The everyday meaning of hell.,0.25581457614898684,0.2837144315242767,-0.027899855375289884,afterlife torment,secular,0.40099528431892395,0,eternal consequence of mortal sin,0.290147602558136,3,afterlife torment,0.40099528431892395,1
Life and Death / Eschatology,hell,eschatological_doctrinal,medium,ordinary,ordinary_2,How people experience hell.,0.2928963840007782,0.3177842289209366,-0.024887844920158386,afterlife torment,secular,0.5229594707489014,0,eternal consequence of mortal sin,0.32108789682388306,3,afterlife torment,0.5229594707489014,1
Life and Death / Eschatology,hell,eschatological_doctrinal,medium,ordinary,ordinary_3,How people talk about hell in ordinary life.,0.22205594778060914,0.2681474268436432,-0.04609147906303404,afterlife torment,secular,0.40062934160232544,0,eternal consequence of mortal sin,0.27318182587623596,3,afterlife torment,0.40062934160232544,1
Life and Death / Eschatology,hell,eschatological_doctrinal,medium,academic,academic_1,The concept of hell.,0.2988295078277588,0.34132283329963686,-0.04249332547187806,afterlife torment,secular,0.47676029801368713,0,eternal consequence of mortal sin,0.35641244053840637,3,afterlife torment,0.47676029801368713,1
Life and Death / Eschatology,hell,eschatological_doctrinal,medium,academic,academic_2,The meaning of hell.,0.2640259087085724,0.27657527327537534,-0.012549364566802945,afterlife torment,secular,0.4166216254234314,0,eternal consequence of mortal sin,0.3020949363708496,3,afterlife torment,0.4166216254234314,1
Life and Death / Eschatology,hell,eschatological_doctrinal,medium,academic,academic_3,A discussion of hell in human life.,0.29557050168514254,0.3154027074575424,-0.019832205772399858,afterlife torment,secular,0.48281967639923096,0,eternal consequence of mortal sin,0.3519796133041382,2,afterlife torment,0.48281967639923096,1
Life and Death / Eschatology,hell,eschatological_doctrinal,medium,catholic,catholic_1,Hell in Catholic theology.,0.3652785062789917,0.32774863839149476,0.03752986788749696,afterlife torment,secular,0.4682390093803406,0,eternal consequence of mortal sin,0.45237067341804504,2,afterlife torment,0.4682390093803406,1
Life and Death / Eschatology,hell,eschatological_doctrinal,medium,catholic,catholic_2,Catholic teaching on hell.,0.30184527635574343,0.2400291383266449,0.06181613802909852,eternal consequence of mortal sin,catholic,0.4149097502231598,1,eternal consequence of mortal sin,0.4149097502231598,1,afterlife torment,0.3926026523113251,2
Life and Death / Eschatology,hell,eschatological_doctrinal,medium,catholic,catholic_3,The meaning of hell in Christian doctrine.,0.29709112346172334,0.27444723844528196,0.02264388501644138,afterlife torment,secular,0.41617298126220703,0,eternal consequence of mortal sin,0.36848437786102295,2,afterlife torment,0.41617298126220703,1
Life and Death / Eschatology,purgatory,eschatological_doctrinal,low,bare,bare_1,purgatory,0.46692524552345277,0.4401116371154785,0.026813608407974254,purification after death,catholic,0.5657634735107422,1,purification after death,0.5657634735107422,1,religious purification place,0.5277340412139893,2
Life and Death / Eschatology,purgatory,eschatological_doctrinal,low,ordinary,ordinary_1,The everyday meaning of purgatory.,0.326154899597168,0.30082250833511354,0.025332391262054443,purification after death,catholic,0.38148170709609985,1,purification after death,0.38148170709609985,1,temporary afterlife state,0.35454261302948,2
Life and Death / Eschatology,purgatory,eschatological_doctrinal,low,ordinary,ordinary_2,How people experience purgatory.,0.3913157880306244,0.3466691911220551,0.044646596908569314,purification after death,catholic,0.4739091396331787,1,purification after death,0.4739091396331787,1,Catholic afterlife doctrine,0.4478547275066376,2
Life and Death / Eschatology,purgatory,eschatological_doctrinal,low,ordinary,ordinary_3,How people talk about purgatory in ordinary life.,0.3276314973831177,0.3144052267074585,0.01322627067565918,Catholic afterlife doctrine,secular,0.4076416790485382,0,purification after death,0.3933356702327728,2,Catholic afterlife doctrine,0.4076416790485382,1
Life and Death / Eschatology,purgatory,eschatological_doctrinal,low,academic,academic_1,The concept of purgatory.,0.37841254472732544,0.3656258970499039,0.012786647677421548,Catholic afterlife doctrine,secular,0.49866700172424316,0,purification after death,0.47106510400772095,2,Catholic afterlife doctrine,0.49866700172424316,1
Life and Death / Eschatology,purgatory,eschatological_doctrinal,low,academic,academic_2,The meaning of purgatory.,0.3475563108921051,0.29572672545909884,0.05182958543300625,purification after death,catholic,0.4249468147754669,1,purification after death,0.4249468147754669,1,religious purification place,0.3847305178642273,3
Life and Death / Eschatology,purgatory,eschatological_doctrinal,low,academic,academic_3,A discussion of purgatory in human life.,0.40300278663635253,0.35734990835189817,0.04565287828445436,purification after death,catholic,0.47709938883781433,1,purification after death,0.47709938883781433,1,Catholic afterlife doctrine,0.4479820728302002,2
Life and Death / Eschatology,purgatory,eschatological_doctrinal,low,catholic,catholic_1,Purgatory in Catholic theology.,0.38365593552589417,0.37892003953456876,0.004735895991325401,Catholic afterlife doctrine,secular,0.5694082975387573,0,purification after death,0.44769081473350525,2,Catholic afterlife doctrine,0.5694082975387573,1
Life and Death / Eschatology,purgatory,eschatological_doctrinal,low,catholic,catholic_2,Catholic teaching on purgatory.,0.35040650367736814,0.3109491944313049,0.03945730924606322,Catholic afterlife doctrine,secular,0.6060616970062256,0,purification after death,0.4336942434310913,2,Catholic afterlife doctrine,0.6060616970062256,1
Life and Death / Eschatology,purgatory,eschatological_doctrinal,low,catholic,catholic_3,The meaning of purgatory in Christian doctrine.,0.32281036376953126,0.3109373986721039,0.011872965097427357,Catholic afterlife doctrine,secular,0.4834352731704712,0,purification after death,0.379481703042984,2,Catholic afterlife doctrine,0.4834352731704712,1
Life and Death / Pastoral Ethics,suffering,pastoral_anthropological,high,bare,bare_1,suffering,0.36993818879127505,0.43897159695625304,-0.069033408164978,pain,secular,0.508627712726593,0,human pain held before God,0.49522027373313904,2,pain,0.508627712726593,1
Life and Death / Pastoral Ethics,suffering,pastoral_anthropological,high,ordinary,ordinary_1,The everyday meaning of suffering.,0.2438234955072403,0.2911643832921982,-0.047340887784957875,psychological hardship,secular,0.3866031765937805,0,human pain held before God,0.3632829189300537,2,psychological hardship,0.3866031765937805,1
Life and Death / Pastoral Ethics,suffering,pastoral_anthropological,high,ordinary,ordinary_2,How people experience suffering.,0.2835521876811981,0.3220753878355026,-0.03852320015430449,psychological hardship,secular,0.4272417426109314,0,human pain held before God,0.42467159032821655,2,psychological hardship,0.4272417426109314,1
Life and Death / Pastoral Ethics,suffering,pastoral_anthropological,high,ordinary,ordinary_3,How people talk about suffering in ordinary life.,0.24188787937164308,0.2734926015138626,-0.03160472214221954,psychological hardship,secular,0.36994054913520813,0,human pain held before God,0.36090242862701416,2,psychological hardship,0.36994054913520813,1
Life and Death / Pastoral Ethics,suffering,pastoral_anthropological,high,academic,academic_1,The concept of suffering.,0.2779353678226471,0.2716357886791229,0.006299579143524192,human pain held before God,catholic,0.41990697383880615,1,human pain held before God,0.41990697383880615,1,psychological hardship,0.35528770089149475,2
Life and Death / Pastoral Ethics,suffering,pastoral_anthropological,high,academic,academic_2,The meaning of suffering.,0.27483151853084564,0.2337392270565033,0.041092291474342346,human pain held before God,catholic,0.39498358964920044,1,human pain held before God,0.39498358964920044,1,psychological hardship,0.3202303946018219,3
Life and Death / Pastoral Ethics,suffering,pastoral_anthropological,high,academic,academic_3,A discussion of suffering in human life.,0.29760481119155885,0.2524747341871262,0.04513007700443267,human pain held before God,catholic,0.4366759955883026,1,human pain held before God,0.4366759955883026,1,psychological hardship,0.34867340326309204,2
Life and Death / Pastoral Ethics,suffering,pastoral_anthropological,high,catholic,catholic_1,Suffering in Catholic theology.,0.3336535215377808,0.2155759572982788,0.11807756423950197,human pain held before God,catholic,0.4345187246799469,1,human pain held before God,0.4345187246799469,1,psychological hardship,0.2540813386440277,6
Life and Death / Pastoral Ethics,suffering,pastoral_anthropological,high,catholic,catholic_2,Catholic teaching on suffering.,0.3052015841007233,0.16034300923347472,0.14485857486724857,human pain held before God,catholic,0.3733835816383362,1,human pain held before God,0.3733835816383362,1,psychological hardship,0.18538795411586761,6
Life and Death / Pastoral Ethics,suffering,pastoral_anthropological,high,catholic,catholic_3,The meaning of suffering in Christian doctrine.,0.29773537516593934,0.190810364484787,0.10692501068115234,human pain held before God,catholic,0.3947722911834717,1,human pain held before God,0.3947722911834717,1,psychological hardship,0.23916105926036835,6
Life and Death / Pastoral Ethics,hope,theological_virtue,high,bare,bare_1,hope,0.3769358694553375,0.38397828340530393,-0.0070424139499664085,hope in resurrection,catholic,0.53685063123703,1,hope in resurrection,0.53685063123703,1,optimism,0.48718905448913574,2
Life and Death / Pastoral Ethics,hope,theological_virtue,high,ordinary,ordinary_1,The everyday meaning of hope.,0.3314947456121445,0.3135227978229523,0.0179719477891922,theological virtue of hope,catholic,0.4749210476875305,1,theological virtue of hope,0.4749210476875305,1,optimism,0.40625354647636414,3
Life and Death / Pastoral Ethics,hope,theological_virtue,high,ordinary,ordinary_2,How people experience hope.,0.36027650237083436,0.33976973295211793,0.02050676941871643,hope in resurrection,catholic,0.5057357549667358,1,hope in resurrection,0.5057357549667358,1,optimism,0.4085268974304199,3
Life and Death / Pastoral Ethics,hope,theological_virtue,high,ordinary,ordinary_3,How people talk about hope in ordinary life.,0.3146563619375229,0.29546422362327573,0.019192138314247154,hope in resurrection,catholic,0.4582810401916504,1,hope in resurrection,0.4582810401916504,1,optimism,0.38948550820350647,3
Life and Death / Pastoral Ethics,hope,theological_virtue,high,academic,academic_1,The concept of hope.,0.3803126633167267,0.34003079533576963,0.040281867980957065,hope in resurrection,catholic,0.5505369901657104,1,hope in resurrection,0.5505369901657104,1,optimism,0.4405905306339264,3
Life and Death / Pastoral Ethics,hope,theological_virtue,high,academic,academic_2,The meaning of hope.,0.3541125446557999,0.3058533251285553,0.0482592195272446,hope in resurrection,catholic,0.5288794040679932,1,hope in resurrection,0.5288794040679932,1,optimism,0.4106573760509491,3
Life and Death / Pastoral Ethics,hope,theological_virtue,high,academic,academic_3,A discussion of hope in human life.,0.38905709981918335,0.31346739232540133,0.07558970749378202,hope in resurrection,catholic,0.5610433220863342,1,hope in resurrection,0.5610433220863342,1,optimism,0.4019470810890198,3
Life and Death / Pastoral Ethics,hope,theological_virtue,high,catholic,catholic_1,Hope in Catholic theology.,0.4717492461204529,0.2705026179552078,0.20124662816524508,theological virtue of hope,catholic,0.6808937191963196,1,theological virtue of hope,0.6808937191963196,1,optimism,0.3721656799316406,4
Life and Death / Pastoral Ethics,hope,theological_virtue,high,catholic,catholic_2,Catholic teaching on hope.,0.43934746384620665,0.24126868546009064,0.198078778386116,theological virtue of hope,catholic,0.6448096632957458,1,theological virtue of hope,0.6448096632957458,1,optimism,0.299015074968338,6
Life and Death / Pastoral Ethics,hope,theological_virtue,high,catholic,catholic_3,The meaning of hope in Christian doctrine.,0.4389509379863739,0.23182937800884246,0.20712155997753146,theological virtue of hope,catholic,0.6226661801338196,1,theological virtue of hope,0.6226661801338196,1,optimism,0.3188532590866089,6
Life and Death / Pastoral Ethics,end-of-life care,bioethical_pastoral,high,bare,bare_1,end-of-life care,0.4478464901447296,0.5986490190029145,-0.15080252885818485,medical care for terminal illness,secular,0.6832809448242188,0,spiritual care near death,0.6022443771362305,4,medical care for terminal illness,0.6832809448242188,1
Life and Death / Pastoral Ethics,end-of-life care,bioethical_pastoral,high,ordinary,ordinary_1,The everyday meaning of end-of-life care.,0.37341713309288027,0.43318854570388793,-0.05977141261100766,comfort care,secular,0.5123338103294373,0,spiritual care near death,0.47497525811195374,3,comfort care,0.5123338103294373,1
Life and Death / Pastoral Ethics,end-of-life care,bioethical_pastoral,high,ordinary,ordinary_2,How people experience end-of-life care.,0.3870239555835724,0.4582428216934204,-0.07121886610984801,medical care for terminal illness,secular,0.5549885034561157,0,spiritual care near death,0.5535061359405518,2,medical care for terminal illness,0.5549885034561157,1
Life and Death / Pastoral Ethics,end-of-life care,bioethical_pastoral,high,ordinary,ordinary_3,How people talk about end-of-life care in ordinary life.,0.36195515692234037,0.39590837359428405,-0.033953216671943676,medical care for terminal illness,secular,0.46060681343078613,0,care for the dying person with dignity,0.45862534642219543,2,medical care for terminal illness,0.46060681343078613,1
Life and Death / Pastoral Ethics,end-of-life care,bioethical_pastoral,high,academic,academic_1,The concept of end-of-life care.,0.39622379541397096,0.46529787182807925,-0.06907407641410829,medical care for terminal illness,secular,0.5566200017929077,0,spiritual care near death,0.5161241292953491,2,medical care for terminal illness,0.5566200017929077,1
Life and Death / Pastoral Ethics,end-of-life care,bioethical_pastoral,high,academic,academic_2,The meaning of end-of-life care.,0.3608876883983612,0.435224586725235,-0.07433689832687379,medical care for terminal illness,secular,0.5461869239807129,0,spiritual care near death,0.49495938420295715,2,medical care for terminal illness,0.5461869239807129,1
Life and Death / Pastoral Ethics,end-of-life care,bioethical_pastoral,high,academic,academic_3,A discussion of end-of-life care in human life.,0.4239382803440094,0.44689483046531675,-0.022956550121307373,medical care for terminal illness,secular,0.5369938611984253,0,spiritual care near death,0.5185678005218506,2,medical care for terminal illness,0.5369938611984253,1
Life and Death / Pastoral Ethics,end-of-life care,bioethical_pastoral,high,catholic,catholic_1,End-of-life care in Catholic theology.,0.45858733654022216,0.421947181224823,0.03664015531539916,spiritual care near death,catholic,0.588790237903595,1,spiritual care near death,0.588790237903595,1,medical care for terminal illness,0.529183566570282,2
Life and Death / Pastoral Ethics,end-of-life care,bioethical_pastoral,high,catholic,catholic_2,Catholic teaching on end-of-life care.,0.45125500559806825,0.4070125460624695,0.044242459535598744,respect for life until natural death,catholic,0.5411064624786377,1,respect for life until natural death,0.5411064624786377,1,medical care for terminal illness,0.4925503432750702,4
Life and Death / Pastoral Ethics,end-of-life care,bioethical_pastoral,high,catholic,catholic_3,The meaning of end-of-life care in Christian doctrine.,0.4310400724411011,0.381500717997551,0.04953935444355012,spiritual care near death,catholic,0.5584425330162048,1,spiritual care near death,0.5584425330162048,1,medical care for terminal illness,0.48285040259361267,2
Life and Death / Pastoral Ethics,euthanasia,bioethical_moral,high,bare,bare_1,euthanasia,0.38939085602760315,0.5796177983283997,-0.1902269423007965,assisted dying,secular,0.672973096370697,0,call to compassionate care without killing,0.4691089987754822,6,assisted dying,0.672973096370697,1
Life and Death / Pastoral Ethics,euthanasia,bioethical_moral,high,ordinary,ordinary_1,The everyday meaning of euthanasia.,0.28957000076770784,0.37667676210403445,-0.08710676133632661,assisted dying,secular,0.42232003808021545,0,direct taking of innocent human life,0.3672303557395935,4,assisted dying,0.42232003808021545,1
Life and Death / Pastoral Ethics,euthanasia,bioethical_moral,high,ordinary,ordinary_2,How people experience euthanasia.,0.28454549908638,0.42900636196136477,-0.14446086287498477,assisted dying,secular,0.47893577814102173,0,call to compassionate care without killing,0.406560480594635,4,assisted dying,0.47893577814102173,1
Life and Death / Pastoral Ethics,euthanasia,bioethical_moral,high,ordinary,ordinary_3,How people talk about euthanasia in ordinary life.,0.31781913340091705,0.3744902491569519,-0.05667111575603484,assisted dying,secular,0.4207891821861267,0,call to compassionate care without killing,0.41573941707611084,3,assisted dying,0.4207891821861267,1
Life and Death / Pastoral Ethics,euthanasia,bioethical_moral,high,academic,academic_1,The concept of euthanasia.,0.3298109084367752,0.43593657612800596,-0.10612566769123077,assisted dying,secular,0.4911330044269562,0,call to compassionate care without killing,0.39783376455307007,5,assisted dying,0.4911330044269562,1
Life and Death / Pastoral Ethics,euthanasia,bioethical_moral,high,academic,academic_2,The meaning of euthanasia.,0.25423827171325686,0.39122611880302427,-0.1369878470897674,assisted dying,secular,0.44751837849617004,0,call to compassionate care without killing,0.3098207712173462,6,assisted dying,0.44751837849617004,1
Life and Death / Pastoral Ethics,euthanasia,bioethical_moral,high,academic,academic_3,A discussion of euthanasia in human life.,0.40512327551841737,0.4408595323562622,-0.035736256837844815,medical choice at life's end,secular,0.5004101991653442,0,call to compassionate care without killing,0.45830318331718445,3,medical choice at life's end,0.5004101991653442,1
Life and Death / Pastoral Ethics,euthanasia,bioethical_moral,high,catholic,catholic_1,Euthanasia in Catholic theology.,0.3683947592973709,0.4043258845806122,-0.03593112528324127,mercy killing,secular,0.450090616941452,0,call to compassionate care without killing,0.44687357544898987,2,mercy killing,0.450090616941452,1
Life and Death / Pastoral Ethics,euthanasia,bioethical_moral,high,catholic,catholic_2,Catholic teaching on euthanasia.,0.36772417426109316,0.36872653365135194,-0.001002359390258778,moral rejection of killing the vulnerable,catholic,0.4437863230705261,1,moral rejection of killing the vulnerable,0.4437863230705261,1,mercy killing,0.40120288729667664,4
Life and Death / Pastoral Ethics,euthanasia,bioethical_moral,high,catholic,catholic_3,The meaning of euthanasia in Christian doctrine.,0.3211809277534485,0.38258280158042907,-0.06140187382698059,mercy killing,secular,0.42621734738349915,0,call to compassionate care without killing,0.3762691915035248,4,mercy killing,0.42621734738349915,1
Life and Death / Pastoral Ethics,suicide,pastoral_moral,high,bare,bare_1,suicide,0.27411691248416903,0.5055633187294006,-0.2314464062452316,self-inflicted death,secular,0.6717970967292786,0,grave wound against life,0.40460535883903503,6,self-inflicted death,0.6717970967292786,1
Life and Death / Pastoral Ethics,suicide,pastoral_moral,high,ordinary,ordinary_1,The everyday meaning of suicide.,0.19083941727876663,0.34482210874557495,-0.15398269146680832,self-inflicted death,secular,0.4638086259365082,0,grave wound against life,0.30041423439979553,4,self-inflicted death,0.4638086259365082,1
Life and Death / Pastoral Ethics,suicide,pastoral_moral,high,ordinary,ordinary_2,How people experience suicide.,0.18429189622402192,0.3437430739402771,-0.15945117771625517,self-inflicted death,secular,0.4061966836452484,0,grave wound against life,0.2757437825202942,6,self-inflicted death,0.4061966836452484,1
Life and Death / Pastoral Ethics,suicide,pastoral_moral,high,ordinary,ordinary_3,How people talk about suicide in ordinary life.,0.1703377828001976,0.289309024810791,-0.11897124201059342,self-inflicted death,secular,0.3475359380245209,0,grave wound against life,0.28016847372055054,4,self-inflicted death,0.3475359380245209,1
Life and Death / Pastoral Ethics,suicide,pastoral_moral,high,academic,academic_1,The concept of suicide.,0.2189054638147354,0.3772581726312637,-0.1583527088165283,self-inflicted death,secular,0.4964005649089813,0,grave wound against life,0.32900795340538025,4,self-inflicted death,0.4964005649089813,1
Life and Death / Pastoral Ethics,suicide,pastoral_moral,high,academic,academic_2,The meaning of suicide.,0.21368318796157837,0.34433560371398925,-0.13065241575241088,self-inflicted death,secular,0.4684365391731262,0,grave wound against life,0.2968473732471466,4,self-inflicted death,0.4684365391731262,1
Life and Death / Pastoral Ethics,suicide,pastoral_moral,high,academic,academic_3,A discussion of suicide in human life.,0.26883434057235717,0.36167349815368655,-0.09283915758132938,intentional ending of life,secular,0.4525161683559418,0,grave wound against life,0.3967956304550171,3,intentional ending of life,0.4525161683559418,1
Life and Death / Pastoral Ethics,suicide,pastoral_moral,high,catholic,catholic_1,Suicide in Catholic theology.,0.28053067028522494,0.3190512478351593,-0.038520577549934376,self-inflicted death,secular,0.4490756392478943,0,pastoral compassion for despair,0.30211856961250305,3,self-inflicted death,0.4490756392478943,1
Life and Death / Pastoral Ethics,suicide,pastoral_moral,high,catholic,catholic_2,Catholic teaching on suicide.,0.2479724258184433,0.26729842126369474,-0.01932599544525143,self-inflicted death,secular,0.36551719903945923,0,life entrusted to God,0.27538153529167175,3,self-inflicted death,0.36551719903945923,1
Life and Death / Pastoral Ethics,suicide,pastoral_moral,high,catholic,catholic_3,The meaning of suicide in Christian doctrine.,0.258812353014946,0.2803690254688263,-0.02155667245388032,self-inflicted death,secular,0.40002718567848206,0,life entrusted to God,0.2964874505996704,3,self-inflicted death,0.40002718567848206,1
Life and Death / Pastoral Ethics,martyrdom,moral_spiritual,medium,bare,bare_1,martyrdom,0.46056394577026366,0.4793464422225952,-0.018782496452331543,witness to Christ unto death,catholic,0.5808678269386292,1,witness to Christ unto death,0.5808678269386292,1,heroic self-sacrifice,0.5487560033798218,2
Life and Death / Pastoral Ethics,martyrdom,moral_spiritual,medium,ordinary,ordinary_1,The everyday meaning of martyrdom.,0.3382729351520538,0.34114508628845214,-0.0028721511363983265,witness to Christ unto death,catholic,0.4088130295276642,1,witness to Christ unto death,0.4088130295276642,1,death for a cause,0.3610447347164154,2
Life and Death / Pastoral Ethics,martyrdom,moral_spiritual,medium,ordinary,ordinary_2,How people experience martyrdom.,0.3632276654243469,0.37206236720085145,-0.008834701776504528,witness to Christ unto death,catholic,0.455612450838089,1,witness to Christ unto death,0.455612450838089,1,victim of persecution,0.435026079416275,2
Life and Death / Pastoral Ethics,martyrdom,moral_spiritual,medium,ordinary,ordinary_3,How people talk about martyrdom in ordinary life.,0.31473174691200256,0.3254949748516083,-0.010763227939605713,heroic self-sacrifice,secular,0.37205901741981506,0,witness to Christ unto death,0.3602665066719055,2,heroic self-sacrifice,0.37205901741981506,1
Life and Death / Pastoral Ethics,martyrdom,moral_spiritual,medium,academic,academic_1,The concept of martyrdom.,0.3574385166168213,0.3998957097530365,-0.04245719313621521,heroic self-sacrifice,secular,0.4563441574573517,0,witness to Christ unto death,0.4531148076057434,2,heroic self-sacrifice,0.4563441574573517,1
Life and Death / Pastoral Ethics,martyrdom,moral_spiritual,medium,academic,academic_2,The meaning of martyrdom.,0.3731952965259552,0.3545850694179535,0.018610227108001698,witness to Christ unto death,catholic,0.46728551387786865,1,witness to Christ unto death,0.46728551387786865,1,death for a cause,0.4085150957107544,2
Life and Death / Pastoral Ethics,martyrdom,moral_spiritual,medium,academic,academic_3,A discussion of martyrdom in human life.,0.38181578516960146,0.37128584980964663,0.010529935359954834,witness to Christ unto death,catholic,0.43683090806007385,1,witness to Christ unto death,0.43683090806007385,1,death for a cause,0.4180477559566498,2
Life and Death / Pastoral Ethics,martyrdom,moral_spiritual,medium,catholic,catholic_1,Martyrdom in Catholic theology.,0.38428080677986143,0.3282930552959442,0.055987751483917214,witness to Christ unto death,catholic,0.44388067722320557,1,witness to Christ unto death,0.44388067722320557,1,death for a cause,0.37312209606170654,4
Life and Death / Pastoral Ethics,martyrdom,moral_spiritual,medium,catholic,catholic_2,Catholic teaching on martyrdom.,0.36637015342712403,0.2880338549613953,0.07833629846572876,witness to Christ unto death,catholic,0.4370710849761963,1,witness to Christ unto death,0.4370710849761963,1,death for a cause,0.33829888701438904,5
Life and Death / Pastoral Ethics,martyrdom,moral_spiritual,medium,catholic,catholic_3,The meaning of martyrdom in Christian doctrine.,0.3545272409915924,0.2873613893985748,0.06716585159301758,witness to Christ unto death,catholic,0.44596919417381287,1,witness to Christ unto death,0.44596919417381287,1,death for a cause,0.33792999386787415,4
